Ref.,Paradosis,Conjecture,Author,Year,Attested Place,Rem.
AP 5.218.2,γλυκεροὺς/-ρὰς,Γλυκέρας,Scaliger,,P.Oxy. II 211,
AP 9.570.1,ξανθοκηρ-,Ξανθὼ κηρόπλαστε,I. G. Huschke,1800,P.Oxy. LIV 3724,
AP 9.588.5,-αῖς,δορᾷ,Johannes Pierson,,P.Tebt. I 3,
AP 11.328.7,ἐρμηναῖοι,ἐρυνεοὶ,Friedrich Jacobs,1798–1814,P.Oxy. LXVI 4502,
Ach.Tat. LC 2.2.1,γὰρ τὸν,τὸν γὰρ,Friedrich Jacobs,1821,P.Oxy. X 1250,
Ach.Tat. LC 2.9.2,-θιγεν,προσέθηκεν,B. G. L. Boden,1776,P.Oxy. X 1250,]ηκεν
Ach.Tat. LC 3.19.3,ὅμως,ὅπως,Cobet,1858,P.Duk. inv. 772 + P.Köln inv. 901,
Ach.Tat. LC 3.20.6,καθ' ἡμᾶς,καὶ καθ' ἡμᾶς,A. Wifstrand,1945,P.Duk. inv. 772 + P.Köln inv. 901,
Ach.Tat. LC 3.22.3,ἔ. π.,ἔφη τοὺς πρωτομύστας,Jérôme Commelin,1601,P.Duk. inv. 772 + P.Köln inv. 901 et P.Oxy. LVI 3836,
Ach.Tat. LC 3.22.6,ἡμῶν ἐκποδὼν,ἡ]μῖν ἐμποδὼν,Friedrich Jacobs,1821,P.Duk. inv. 772 + P.Köln inv. 901,
Ach.Tat. LC 3.23.1,τὴν ψυχὴν,τῆς ψυχῆς,Cobet,1858,P.Duk. inv. 772 + P.Köln inv. 901,
Ach.Tat. LC 3.24.2,πέντε,αἱ πέντε,Cobet,1858,P.Duk. inv. 772 + P.Köln inv. 901,
Ael. NA 12.10,-ία,μυωνιά,Theodor Kock,1880–8,Laur. 86.7 (L),
Aesch. Ag. 175,φρε-,φρονῶν,Francesco Robortello,1552,Fac,
Aesch. Ag. 231,-άν,εὐχᾶν,Maas,1951,Mac,CQ
Aesch. Ag. 448,διὰ,διαὶ,Hermann,1852,Epim.Hom. δ 68,
Aesch. Cho. 989,ψέ-,λέγω,Turnebus,1552,schol. vetus (Σ),
Aesch. PV 157,ἐπεγήθει/ἐπιγήθει,ἐγεγήθει,Valckenaer,s.xviii med.,Ambros. gr. G 56 (D) et Matrit. gr. 4677 (N),
Aesch. PV 691–3,δείματ',del.,Hermann,1852,Ambros. gr. G 56 (D),
Aesch. Sept. 322,Ἀΐδαι,ἄϊδι,Turnebus,1552,Monac. gr. 565 (Uc),
Aesch. Supp. 44,-αις,ἐπιπνοίας,Francesco Robortello,1552,schol. vetus (Σ),
Aesch. Supp. 79,ηβαι,ἥβαν,C. G. Schütz,1794,schol. vetus (Σ),
Aesch. Supp. 459,-εῖ,καλή,Turnebus,1552,Bonon. Bibl. Univ. 2271 (Mb),a.c.
Aesch. Supp. 570,τὰν,τὰ,Hermann,1852,Guelf. Gud. gr. 4° 88 (Mc),a.c.
Aesch. T 1.5,-ουϲ,Ἀριϲτοφάνει,Bergk,1883,BXc,Herm.
Aesch. T 56b.2,καταθ-,καθέϲειϲ,Casaubon,1600,Marc. gr. 468 (V),"Animadv. 260, 24 sq."
Aesch. fr. 191.2,μέγα πῇ δ',μέγαν ἠδ᾽,Isaac Vossius,1629,Anon. B,
Aesch. fr. 300.3,-δεῖ/-δων,κυλίνδει,Salmasius,1629 (?),Anon. C,
Aesch. fr. 300.7,ἀγγέ-,ἀντέλλει,Grotius,1626,Anon. C et Tz.,
Aeschin. 1.16,ὧ,οὗ,John Taylor,1771,Vat. gr. 64 (V),apud Reiske ('nihil restat supplendum cum Petito et Heraldo')
Aeschin. 1.16,om.,δ',P. P. Dobree,s.xviii/xix,Vat. gr. 64 (V),
Aeschin. 1.35,ὅτι,del.,Brunck,n.d.,Barb. gr. 159 (B),
Aeschin. 1.40,Τιμάρχου,τῷ Τ.,Blass,1896,P.Oxy. LX 4029,
Aeschin. 1.42,τ. ποιεῖν,ταῦτα,Blass,1896,P.Oxy. LX 4029,
Aeschin. 1.45,om.,μὲν,Hieronymus Wolf,1572,P.Oxy. LX 4030,
Aeschin. 1.55,Ἡ-,ἡγήσανδρος,H. G. Hamaker,1858,fac,Mnem.
Aeschin. 1.62,ὅτι,ὅτε,Henri Estienne,1575,Paris. gr. 2947 (h),
Aeschin. 1.68,σπ-,στειριεὺς,Jacobus Palmerius,1668,Paris. gr. 2947 (h),
Aeschin. 1.73,κακῶς,καλῶς,Reiske,1771,Paris. suppl. gr. 660 (x),pc
Aeschin. 1.73,ἐῶν,οὐκ ἐ.,Reiske,1771,fac,
Aeschin. 1.159,-ην,σωφροσύνης,Cobet,s.xix med.,Ambros. G 69 sup. (D),
Aeschin. 1.173,ἐξαιτήσ-,ἐξαιρήσεται,Blass,1896,P.Gen. I 256,
Aeschin. 1.176,διισχ-,ἰσχθυρίζεσθαι,Hieronymus Wolf,1572,P.Gen. I 256,
Aeschin. 1.177,νόμους μέν,μὲν νόμους,Cobet,s.xix med.,P.Gen. I 256,
Aeschin. 1.178,-γορούντων,κατηγόρων,Blass,1896,P.Gen. I 256,
Aeschin. 1.178,πᾶσι τοῖς δικαίοις,πᾶσι δικαίοις,Joseph Anton Hillebrand,1868,P.Gen. I 256,
Aeschin. 1.181,-κελεύσας,παρακαλέσας,Henri Estienne,1575,P.Gen. I 256,
Aeschin. 2.44,-σασθθαι,θεάσεσθε,Hieronymus Wolf,1572,Ambros. G 69 sup. (D),
Aeschin. 2.62,κεκώλυκε,ἐκώλυσε,Friedrich Franke,1860,Angel. gr. 44 (a),
Aeschin. 2.92,μουνο-/μουνυ-,μουνιχιῶνος,P. P. Dobree,s.xviii/xix,Angel. gr. 44 (a),
Aeschin. 2.102,δοκοίης ἂν,δοκοῖεν,Henri Estienne,1575,fpc,
Aeschin. 2.116,-κεῖς,φωκέας,Friedrich Franke,1860,Laur. 60.4 (Flor.),
Aeschin. 2.138,om.,οὔπω,Scaliger,s.xvi/xvii,h et Flor.,
Aeschin. 2.142,-οὶ,Βοιωτῶν,P. P. Dobree,s.xviii/xix,Marc. gr. VIII 4 (e),partim cum Reiskio
Aeschin. 2.158,προστρόπαιον,αὑτοῦ π.,Blass,1896,fac,
Aeschin. 3.18,γέρα,ἱερὰ,P. P. Dobree,s.xviii/xix,P.Oxy. XIII 1625,ϊ[ε]ρα
Aeschin. 3.18,γέρα,ἱερὰ,H. G. Hamaker,1859,P.Oxy. XIII 1625,ϊ[ε]ρα
Aeschin. 3.20,τὸν ... σκυθρωπὸν,τῶν ... σκυθρωπῶν,Denys Lambin,s.xvi med.,P.Oxy. XIII 1625,
Aeschin. 3.20,ἄγειν,ἄγει,Edward Bernard,s.xvii ex.,P.Oxy. XIII 1625,
Aeschin. 3.26,-ους,λόγον,Karl Scheibe,1853,P.Duk.inv. 3,Neue Jahrb. f. Philol. u. Paed.
Aeschin. 3.26,ὁ κ.,κτησιφῶν δὲ,Blass,1896,P.Duk.inv. 3,
Aeschin. 3.31,-γξω,ἐξελέγχω,Henri Estienne,1575,mpc,
Aeschin. 3.47,ἵνα,ἵν’ ὁ,Henri Estienne,1575,P.Gron.Amst. 2,
Aeschin. 3.47,ἢ τοῖς στεφάνοις,del.,Hieronymus Wolf,1572,P.Gron.Amst. 2,
Aeschin. 3.53,μὲν ἀληθῆ,ἀληθῆ μὲν,Cobet,s.xix ex.,P.Oxy. XXIV 2404,
Aeschin. 3.57,ἀκούσωσι,ἀκούωσι,H. G. Hamaker,1859,P.Oxy. LX 4044,Mnem.
Aeschin. 3.59,ὑμῶν,ἡμῶν,Henri Estienne,1575,Laur. 60.4 (Flor.),
Aeschin. 3.63,ὑπὸ,ἀπὸ,Hieronymus Wolf,1572,Phillips 8077,
Aeschin. 3.94,ὁρώντων,ζώντων,Georg Kaibel,s.xix ex.,P.Oxy. IV 703,ζων[
Aeschin. 3.101,τῶν,τῷ,Andreas Weidner,1872,P.Oxy. LX 4048,
Aeschin. 3.149,τοῦτο κ. τι,κήρυγμά τι τοῦτο,Blass,1896,Laur. 60.4 (Flor.),
Aeschin. 3.167,-θίζει/-θεστήσῃ κτλ.,προσκαθιζήσει,Lobeck,s.xix in.,P.Oxy. III 457,προσκαθ[ιζ]ησ[ει
Aeschin. 3.186,ἐ. ὦ ἄνδρες ἀθηναῖοι ὃ,ἐστιν ὧν ἐγὼ,Blass,1896,P.Vindob. G. 2.314,ZPE 205 (2018) 41–54
Aeschin. 3.196,ἐν τῷ,ἐν,Ferdinand Schultz,1865,P.Hamb. II 165,
Aeschin. 3.196,om.,τὰ,Andreas Weidner,1872,P.Hamb. II 165,
Aeschin. 3.230,-σεσθε,ἀποψηφίσαισθε,Henri Estienne,1575,Barb. gr. 159 (B),
Aeschin. 3.239,ἐξειρ-,ἐξηργάσατο,Blass,1896,P.Köln VI 254,
Aeschin. 3.243,μοῖραν,μόραν,Hieronymus Wolf,1572,Barb. gr. 159 (B),
Alc. fr. 6.3,καὶ,ΚΕ’ΝΑ,August Seidler,1829,P.Oxy. XV 1789,
Alc. fr. 34,]ϲον,δεῦτέ μοι νᾶϲον,C. Gallavotti,1947,P.Mich. inv. 3498 + 3250b recto,δεῦτ̣[έ] μοι νᾶcον; Borges-Sampson (2012)
Alc. fr. 343,τετυγ-,τετυχ[,Lobel,1927,P.Oxy. XXXV 2734,
Alcid. Od. 7,deest,ΜΑΡΤΥΡΕΣ,Reiske,1773,cod. ap. Cripp. (C),
Alcid. Od. 13,ἁλεί-,ἁλιείαν,Reiske,1773,Lond. Burn. 95 (A),
Alcid. Od. 20,στρα-,συστρατεύειν,Reiske,1773,AC2,
Alcid. Soph. 11,πῶς,πῶς δ ̓,Reiske,1773,XC,
Alcid. Soph. 13,ἀφ ̓ οὗ,ἀφ ̓ ἧς,Reiske,1773,cod. ap. Cripp. (C),
Alcid. Soph. 29,προσδια-,προδιαβάλλειν,Reiske,1773,cod. ap. Cripp. (C),
Alciphr. 1.1.1,ἐπ᾽ ἀλλ-,ἐπαλλήλων,Valckenaer,1901,Harl. Ven.,apud Schepers
Alciphr. 1.9.3,π. -οῖς,παρ᾽ αὐτῶν,Cobet,1854,Paris. gr. 1696 (Γ),
Alciphr. 1.11.1,κατεγγυώσ-/κατ᾽ ἐγγύησιν,κατεγγυήσειν,Stephan Bergler,1715,Paris. gr. 3021 (Π),
Alciphr. 1.12.1,ἥ. δὲ,ἥτις δέον,Valckenaer,1755,Paris. gr. 1696 (Γ),ad Eur. Ph. p. 549
Alciphr. 1.15.1,περι-,παραπλεῖν,Cobet,1854,Paris. gr. 1696 (Γ),
Alciphr. 1.17.3,ἐνοίκ-,ἐκείνων,Stephan Bergler,1715,Harl. Ven.,
Alciphr. 2.5.2,χάρτην δι' ἀρ. τ. σαπρὸν,χαρτίδια ἀρχαῖά τινα σαπρὰ,George d'Arnaud,1734,Harl. Ven. Γ Vat.1,Miscell. Obs. iv/iii p. 453
Alciphr. 2.5.2,-ον,ἡμίβρωτα,George d'Arnaud,1734,codd. praeter Leid.,Miscell. Obs. iv/iii p. 453
Alciphr. 2.7.1,τρίκουρον,τρικόρωνον,J. H. Majus,1716,Harl. Ven. Γ Vat.1,Hist. crit. de la rép. des lettr. XI p. 144 ('tres cornicis ætates habens')
Alciphr. 2.7.1,τάλαντον,ταλάντατον,M. V. de La Croze,1715,B Harl. Γ Vat.,apud Berglerum ('& miserrime senex')
Alciphr. 2.7.2,Κέκρο-,Κέρκοψ,Pieter Burman I,1727,B Vat.2 Flor. Π Δ,ad Ov. met. 14.92
Alciphr. 2.17.2,ἕ. δὲ ἰ.,ἕν ἰδὼν,Stephan Bergler,1715,Vindob. phil. gr. 342 (B),
Alciphr. 2.18.3,ὄνησιν μ.,ἀνήσει πάντα μηχανώμενος,Stephan Bergler,1715,Vindob. phil. gr. 342 (B),
Alciphr. 2.21.2,Ταθ-/πενθίᾳ,τενθείᾳ,Stephan Bergler,1715,Paris. gr. 1696 (Γ),
Alciphr. 2.24.2,ἀναπείσ-,ἀναγκάσω,Cobet,1854,Vindob. phil. gr. 342 (B),
Alciphr. 2.25.1,ἐπὶ τ. θ.,ὑπὸ τοῖς θάμνοις,Stephan Bergler,1715,codd. praeter B,
Alciphr. 2.26.1,αὐτοχρήματον/ἀθλο-,αὐτόχρημα τὸν,Johannes Pierson,1752,Vindob. phil. gr. 342 (B),p. 96
Alciphr. 2.32.3,Φ. τε ε. καὶ Γ.,Φείδωνός εἰσι καὶ Γνίφωνος,Cobet,1854,Vindob. phil. gr. 342 (B),s.l.
Alciphr. 2.34.3,ἐ. ἀ.,ἐπαύσατο τῆς ἀδολεσχίας,Cobet,1854,Vindob. phil. gr. 342 (B),
Alciphr. 3.1 inscr.,-δεχθ-,Δοπαδεκθάμβῳ,Thomas Reinesius,1715,Harl. Ven. Neap.a,apud Berglerum
Alciphr. 3.1.2,Θεόχαρις,Θεοχάρης,J. Gronovius,1706,Harl. Ven. N,in textu Lambecii
Alciphr. 3.7.4,μάστιξι,del.,Friedrich Jacobs,1821,Harl. Ven. Neap.a,"ad Ach.Tat. p. 799 ('si abesset, non desiderarem')"
Alciphr. 3.7.5,συμποσί-,συνεδρίου,Stephan Bergler,1715,Harl. Ven. Neap.a,
Alciphr. 3.7.5,δήμῳ,δημίῳ,Stephan Bergler,1715,codd. praeter Vat.1,
Alciphr. 3.8.1,Ἀκαρνί-/Ἀκαρανί-,Ἀκαρνανίδα,Stephan Bergler,1715,Paris. gr. 1696 (Γ),
Alciphr. 3.8.2,-μάττ-,ἀπομύττεσθαι,Reiske,1829,codd.,'emungi'
Alciphr. 3.9.2,γὰρ ἀνίᾳ,Γερανείᾳ,Stephan Bergler,1715,Harl. Ven. Neap.a,
Alciphr. 3.9.3,ἀνθέξ-,ἀνέξεται,Stephan Bergler,1715,Neap. III A A 14 (Neap.a),
Alciphr. 3.10.2,ἀμύν-,ἁμίλλης,George d'Arnaud,1734,Harl. Ven. Neap.a,Miscell. Obs. v/ii p. 192
Alciphr. 3.10.2,-ος,κῶμα,George d'Arnaud,1734,Harl. Neap.a,
Alciphr. 3.10.4,ἀνέπλη-,ἀνέτλημεν,Reiske,1829,codd.,
Alciphr. 3.11.3,οὐκ ᾐ. οὐκέθ᾽,ᾐσθόμην οὐκέθ᾽,G. A. Hirschig,1855,Neap. III A A 14 (Neap.a),Zeitschr. f. d. Alt. Wiss.
Alciphr. 3.11.3,-ως,πάντες,Hemsterhuis,1901,Harl. Ven.,apud Schepers
Alciphr. 3.13.3,-ὸν,μακρὰν,Reiske,1829,Neap. III A A 14 (Neap.a),
Alciphr. 3.14.1,Ζευγί-,Ζευξίππην,J. H. Majus,1716,Paris. gr. 1696 (Γ),Hist. crit. de la rép. des lettr. XI p. 149
Alciphr. 3.14.1,-αι κ. -οί,συνοικίας καὶ ἀγρούς,Stephan Bergler,1715,Harl. 5566,
Alciphr. 3.14.2,ἀνε-,ἐνεδείξατο,Stephan Bergler,1715,Harl. Ven. Vat.1,
Alciphr. 3.15.1,τὰ τειρ-,τὰ Πειρήνης,Stephan Bergler,1715,codd.,
Alciphr. 3.17.3,τ. Τιλ-,τῆς τηλίας,Stephan Bergler,1715,Harl. Ven. Neap.a,
Alciphr. 3.17.3,ὄπιθ-,ὄπισθεν,Gisbert Koen,1766,Harl. Ven. Neap.a,ad Greg.Cor. §XXXV ('poëticum ὄπιθεν ferri nequit in Alciphr.')
Alciphr. 3.18.1,-ε,κατέαγα,Stephan Bergler,1715,codd. praeter Γ,
Alciphr. 3.18.4,-κίσι,ἐναγέσι,Stephan Bergler,1715,codd. praeter Vat.1,
Alciphr. 3.19.2,Εὐοκ-,Ἐτεοκλῆς,Stephan Bergler,1715,Harl. Ven. Neap.a,
Alciphr. 3.19.5,εἰσήρεσ-,εἰσήῤῥησε,Stephan Bergler,1715,Harl. Ven. Neap.a,'ab ἔρρειν quod perniciosam itionem denotat'
Alciphr. 3.20.1,καὶ β. ἴ. δὴ καὶ τ. π. ε.,καὶ τύφου πλήρης εἶ καὶ βαδίζεις ἴσα (δὴ),Reiske,1829,Harl. Ven.,
Alciphr. 3.22.2,γυμν-,σεμνὸν,Stephan Bergler,1715,Harl. Ven.,
Alciphr. 3.22.2,β. καὶ,βίον,Stephan Bergler,1715,codd. praeter Γ,
Alciphr. 3.23.2,ὁ π. κ. -ιστος,ὁ περίψυκτος καὶ περικαλλής,Dindorf,1842–7,codd. praeter Γ,ThGL s.v.
Alciphr. 3.23.2,στέφ-,σκέπειν,Naber,1878,Harl. Ven.,Mnem.
Alciphr. 3.23.5,ἁ-,ἀπλανῶς,Stephan Bergler,1715,codd.,
Alciphr. 3.24.1,τὴν π.,τὴν τῶν πενήτων,Reiske,1829,codd.,
Alciphr. 3.24.3,τοιαῦτα τῆς Π. π.,τοιαῦτα τὰ τῆς Π. προπύλαια,Stephan Bergler,1715,Paris. gr. 1696 (Γ),'Qui sermone Græco imbutas habent aures facilè sentiunt'
Alciphr. 3.26.1,ἐκκουριασθ-,ἐκκορηθείης,Stephan Bergler,1715,Harl. Ven.,
Alciphr. 3.27.1,ἔδοξ-,ἔδοσαν,H. J. Polak,1901,Harl. Ven.,apud Schepers
Alciphr. 3.27.1,"τὸ παράνσιγώην, σιγῆ δ. ἐ.","τὸ παρὸν σιγώην, σιγὴ δέ ἐστι",Stephan Bergler,1715,Paris. gr. 1696 (Γ),'quintuplici errore'
Alciphr. 3.27.2,τὰς ἄλλας,τὰς ἄ. ἃς,Stephan Bergler,1715,Harl. Ven. Γ,
Alciphr. 3.28.1,ἀμειδῆτον,ἀμειδῆ τὸν,Stephan Bergler,1715,Harl. Ven. Γ,
Alciphr. 3.28.1,σκιλδαμ-,σκινδαλμοὺς,Stephan Bergler,1715,Harl. Ven. Γ,
Alciphr. 3.29 inscr.,Πηξάγω-,Πηξάγκωνος,Cobet,1854,Paris. gr. 1696 (Γ),
Alciphr. 3.30.1,Βροτη-,Βρεντησίου,F. J. Bast,1809,Harl. Ven.,
Alciphr. 3.30.3,προῦργ-,πανοῦργος,Stephan Bergler,1715,Harl. Ven. Γ,
Alciphr. 3.30.5,παίουσι,παίζουσι,Stephan Bergler,1715,Harl. Ven. Γ,
Alciphr. 3.31.1,οἷός ε.,ὅς εἰμι,Stephan Bergler,1715,Harl. Ven.,
Alciphr. 3.32.2,-οῦς,Λεωπρέπους,Cobet,1854,Harl. Ven.,
Alciphr. 3.32.2,Καρανω-,Κρανωνίου,Stephan Bergler,1715,Harl. Ven. Γ,
Alciphr. 3.33.2,στε-,Τενεδίῳ,Stephan Bergler,1715,Paris. gr. 1696 (Γ),
Alciphr. 3.34.1,ἀττι-,ἀστικῆς,David Ruhnken,1820,Harl. Ven.,apud Weiske in Longin.
Alciphr. 3.34.2,ἀγρικῶς,ἀγροικικῶς,Stephan Bergler,1715,Paris. gr. 1696 (Γ),
Alciphr. 3.34.5,μεναρ-,Μεγαρικοῖς,Stephan Bergler,1715,Paris. gr. 1696 (Γ),
Alciphr. 3.36.3,βάθρ-,βαράθρων,Stephan Bergler,1715,Marc. class. VIII 2 (Ven.),
Alciphr. 3.36.3,κινού-,κοινούμενος,Stephan Bergler,1715,Harl. Ven. Γ,
Alciphr. 3.36.4,οἷον π. ε.,ἧ ποδῶν εἶχον,Stephan Bergler,1715,Harl. Ven.,ᾗ codd.
Alciphr. 3.38.2,δορυ-,δρυπετεῖς,Joannes Meursius,1617,Paris. gr. 3050 (Δ),p. 324
Alciphr. 3.40.3,πρόσοδ-,πρόοδον,Stephan Bergler,1715,Vat.2 Π Δ,
Alciphr. 3.40.3,π. -ως,περιπάτους ἀνειμένους,Stephan Bergler,1715,Vat.2 Flor.,
Alciphr. 4.2.2,σ. ἀπὸ σοῦ,σπουδασθῆναι ὑπὸ σοῦ,Stephan Bergler,1715,VFPD,
Alciphr. 4.2.2,-ει,φέρειν,Stephan Bergler,1715,VFPD,
Alciphr. 4.4.4,μαστήρ-,μαστάρια,Stephan Bergler,1715,VFPDW,'deminutivum à μαστός'
Alciphr. 4.4.4,ἀπ-,ἐπέδειξας,Stephan Bergler,1715,VFPD,
Alciphr. 4.6.1,προσήμ-,προσιέμην,Stephan Bergler,1715,Vindob. phil. gr. 318 (W),
Alciphr. 4.6.3,παρ᾽ ἡμῖν,παρῆμεν,Reiske,1829,VFP,"'aderamus, conveneramus'"
Alciphr. 4.7.3,ἀρνού-,ἀρκούμενον,M. V. de La Croze,1715,VFPD,apud Berglerum
Alciphr. 4.7.4,-ειν,πείθουσιν,Reiske,1829,Vindob. phil. gr. 318 (W),
Alciphr. 4.7.4,πρόσ-,πρόκειται,Stephan Bergler,1715,VFPD,
Alciphr. 4.8.2,κατη-,παρηγόρημα,Stephan Bergler,1715,Palat. 132 (C),
Alciphr. 4.8.2,πολλήν τ. ἐφορ-,πολύν τινα ἐνεφορησάμην,Stephan Bergler,1715,VFPD,
Alciphr. 4.8.2,τότε δ. ἄ.,τὸ δ(ὲ) ἄρα,Stephan Bergler,1715,VFP,
Alciphr. 4.10.3,διασώ-,διώσασθαι,Stephan Bergler,1715,VFPD,
Alciphr. 4.13.10,σκώλυκ-,σκώληκας,J. S. Bernard,1795,VF,"ad TheophNonn, ii, p. 77"
Alciphr. 4.13.12,πηγ-,πυγὴν,Meineke,1853,FPD,apud Seiler
Alciphr. 4.13.14,σκευηρ-,συνηρεφῆ,Valckenaer,1768,VFPD,ad Eur. Hipp. 468 fin.
Alciphr. 4.14.1,ἀπ-,ἐπήγγειλεν,Hemsterhuis,1901,VFPD,apud Schepers
Alciphr. 4.14.5,ἰσχύ-,ἰσχίων,Stephan Bergler,1715,VFP,
Alciphr. 4.14.5,-ῷ,αὐτῶν,George d'Arnaud,1734,VFPD,Miscell. Obs. v/i p. 63
Alciphr. 4.16.3,αὐτοῖς τοῖς αὐλοῖς,-ὸν τ. α.,George d'Arnaud,1734,VF,Miscell. Obs. v/ii p. 274
Alciphr. 4.16.4,-ιῶσαι,περιουσιάσαι,Stephan Bergler,1715,VFPD,
Alciphr. 4.16.7,ἑταίρ-,ἑτέρους,Stephan Bergler,1715,VFPD,
Alciphr. 4.17.2,ἐφ-,ἀφέτω,Stephan Bergler,1715,VFPD,
Alciphr. 4.17.2,μουσικ-,φυσικῶς,J. Ph. d’Orville,1750,VFPD,ad Charitonem p. 441
Alciphr. 4.17.3,-ίσαι,σωφρονῆσαι,Stephan Bergler,1715,VFP,
Alciphr. 4.17.3,ὅπῃ ποτὲ,ὁποίποτε,Cobet,1854,VFP,
Alciphr. 4.17.5,προσ-,προλαμβάνει,Stephan Bergler,1715,VFPD,
Alciphr. 4.17.5,π. τ. Ἑ.,πρῶτος εἰς τὴν Ἑλλάδα,Stephan Bergler,1715,VF,
Alciphr. 4.17.6,τί σοὶ λ. Λ.,τί σὺ λέγεις Λάμια,Perizonius,1715,VFPD,"apud Berglerum ('Quid tu ad hæc dicis Lamia, nonne vera & justa loquor?')"
Alciphr. 4.18.3,ξῆλος ἤ,ξ. εἴ,Stephan Bergler,1715,Paris. gr. 3054 (L),teste Schepers
Alciphr. 4.18.4,τροφ-,τρυφὰς,Henri Estienne,1572,VFPD,s.v. σαλάκων
Alciphr. 4.18.15,ἢ μ.,ἦ μέγα,J. F. Boissonade,1822,Laur. Plut. 59.5 (F),ad Aristaenet. p. 538
Alciphr. 4.18.15,οὕτω μ./οὔτω μ.,οὐ τῶν μεγάλων,J. Ph. d’Orville,1750,VF,ad Charitonem p. 716
Alciphr. 4.19.6,Πρωλέ-,Πρωτέως,Perizonius,1715,Vat. gr. 1461 (V),apud Berglerum
Alciphr. 4.19.9,-ης,Ἀριάδνη,Hemsterhuis,1901,VF,apud Schepers
Alciphr. 4.19.10,ἄμισθ-,ἄπιστα,George d'Arnaud,1734,VFPpc,Miscell. Obs. v/ii p. 282
Alciphr. 4.19.12,αὐτοῖς οἷς,α. ἧς,Meineke,1853,VFPD,apud Seiler
Alciphr. 4.19.13,-ης τῆς,ἀφῃρημένην τῆς,Stephan Bergler,1715,VF,
Alciphr. 4.19.20,α. τ. Ἄ.,αἰδούμεθα μὰ τὴν Ἄρτεμιν,J. F. Herel,1768,Palat. 132 (C),s.l.
Alciphr. fr. scr. inc. 1,αὐτ-,αὑτῶν,Adriaan Heringa,1749,FPD,p. 285
Alciphr. fr. scr. inc. 2,κουρί-,κουρείοις,Adriaan Heringa,1749,FPD,p. 285
Alciphr. fr. scr. inc. 3,ἰσχνὰς ἐγχ-,ἰσχνεγχύλους,F. J. Bast,1809,Paris. gr. 3021 (P),Lettr. crit. p. 231
Alciphr. fr. scr. inc. 4,-ευστα/-εστα,ἀφαρμάκευτα,J. A. Wagner,1798,PD,
Anaximen. Rh. 1.13,ἢ ἄ.,ἢ ὑπ' ἄνθρώπων,Leonhard Spengel,1844,P.Hib. I 26,
Anaximen. Rh. 1.15,τὸν τρόπον τοῦτον,τοῦτον τὸν τρόπον,Leonhard Spengel,1844,P.Hib. I 26,[τ]οῦ[το]ν τὸν [
Anaximen. Rh. 2.3,περιττῶς,τριττῶς,Bekker,1831,P.Hib. I 26,
Anaximen. Rh. 4.1,-λωμεν,διέλθωμεν,Leonhard Spengel,1844,P.Hib. I 26,
Anaximen. Rh. 4.3,νόμος,ὁ ν.,Leonhard Spengel,1844,P.Hib. I 26,
Anaximen. Rh. 4.4,ἴσασι/εἰδῶσι,τιμῶσι,Leonhard Spengel,1844,P.Hib. I 26,
And. 1.1,κ. ὑ. γε,καὶ ὑμῖν τε,Reiske,1771,Lond. Burn. 95 (A),
And. 1.5,α. ἐ.,αὐτοὶ οἱ ἐχθροὶ,Reiske,1771,Lond. Burn. 95 (A),
And. 1.7,-ῶντες,ψευδομαρτυριῶν,Reiske,1771,Lond. Burn. 95 (A),
And. 1.9,ο. -ει,οὕτως ἔχειν,Reiske,1771,Lond. Burn. 95 (A),
And. 1.19,ἀ. -ῶν,ἀπογράψας αὐτὸν,Scaliger,1771,Lond. Burn. 95 (A),apud Reiske
And. 1.19,καὶ καταλαμβανόμενος,κ. λαμ.,Reiske,1771,Lond. Burn. 95 (A),
And. 1.23,οὐδὲ νῦν τοῖς,οὐδὲν αὐτοῖς,Reiske,1771,Lond. Burn. 95 (A),
And. 1.30,γὰρ ε.,γ ̓ ἂν εἴη,Reiske,1771,Lond. Burn. 95 (A),
And. 1.33,ἀπολογεῖσθ-,ἀπολελογῆσθαι,J. O. Sluiter,1804,Lond. Burn. 95 (A),
And. 1.34,ἐ. ο.,ἐπειδὴ δὲ οὗτοι,Reiske,1771,Lond. Burn. 95 (A),
And. 1.36,ἔτι ζη-,ἐπιζητεῖν,P. P. Dobree,1820,Lond. Burn. 95 (A),apud Dobson (1828)
And. 1.36,-ῃ,καθέλοι,G. F. Schömann,1819,Lond. Burn. 95 (A),p. 151
And. 1.40,-ει,καταλαμβάνειν,Reiske,1771,Lond. Burn. 95 (A),
And. 1.47,ἔγρ-,ἀπέγραψεν,Reiske,1771,Lond. Burn. 95 (A),
And. 1.56,σωθέντι μοι δοκεῖν,σ. μὴ δ.,Reiske,1771,Lond. Burn. 95 (A),
And. 1.56,ἀ. ο. μὴν κ.,ἀλλ ̓ οὐ μετὰ κακίας,Reiske,1773,Lond. Burn. 95 (A),
And. 1.61,ὑμῶν,ἡμῶν,Reiske,1771,Lond. Burn. 95 (A),
And. 1.61,ὃ μονὴν,ὅ μοι ἦν,Reiske,1771,Lond. Burn. 95 (A),'qui mihi erat'
And. 1.62,ὡς ἥκοιμι,ὡς ἔχοιμι,Reiske,1771,Lond. Burn. 95 (A),
And. 1.62,π. π.,παρὰ τὴν πατρῴαν,Reiske,1773,Lond. Burn. 95 (A),
And. 1.65,Ἀμίαν τοῦτον ἐξ,Ἀμίαντον τὸν ἐξ,Reiske,1771,Lond. Burn. 95 (A),
And. 1.79,τά τε,τὰ δὲ,Reiske,1771,Lond. Burn. 95 (A),
And. 1.81,ἐπειδὴ,ἐπειδὴ δ ̓,Muretus,1804,Lond. Burn. 95 (A),apud Sluiter
And. 1.86,ἄνω γεγρ.,ἀναγεγραμμένους,Muretus,1804,Lond. Burn. 95 (A),apud Sluiter
And. 1.87,μηδὲν,μηδὲν μήτε,Baiter-Sauppe,1839–43,Lond. Burn. 95 (A),
And. 1.88,τῶν δημοσίων,τ. δὲ δ.,Reiske,1771,Lond. Burn. 95 (A),
And. 1.88,αἱ γραφαί,ἢ γ.,Reiske,1771,Lond. Burn. 95 (A),
And. 1.89,δοκιμάσαντες,-ας,Henri Estienne,1575,Lond. Burn. 95 (A),
And. 1.90,α. τρ.,αὐτοῖς τοῖς τριάκοντα,Reiske,1771,Lond. Burn. 95 (A),
And. 1.91,-ο π.,ἄλλῳ πείσομαι,Samuel Petit,1741,Lond. Burn. 95 (A),p. 29
And. 1.96,ἐάν τις,Αἰαντίς,Henri Estienne,1575,Lond. Burn. 95 (A),
And. 1.101,ἀπὸ τ. τ.,ὑπὸ τῶν τριάκοντα,Valckenaer,1804,Lond. Burn. 95 (A),apud Sluiter
And. 1.105,ἢ χρὴ,εἰ χ.,Henri Estienne,1575,Lond. Burn. 95 (A),
And. 1.105,ε. -οὺς,εἰ αὐτοῖς,Reiske,1771,Lond. Burn. 95 (A),
And. 1.107,-ας,προτάξαντες,J. O. Sluiter,1804,Lond. Burn. 95 (A),
And. 1.111,προστά-,προσάξειν,Henri Estienne,1575,Lond. Burn. 95 (A),
And. 1.113,μὲν τὼ,με τὼ,Reiske,1771,Lond. Burn. 95 (A),
And. 1.116,δὴ ν.,δὲ νόμον,Henri Estienne,1575,Lond. Burn. 95 (A),
And. 1.116,-ας,Ἀνδοκίδης,Henri Estienne,1575,Lond. Burn. 95 (A),
And. 1.116,τιθ-,θεὶς,Reiske,1771,Lond. Burn. 95 (A),'in aor. 2'
And. 1.119,ἀξι- ἂ.,ἠξιοῦμεν ἂν,Reiske,1771,Lond. Burn. 95 (A),
And. 1.120,-ῃ,ταύτην,Henri Estienne,1575,Lond. Burn. 95 (A),
And. 1.122,Ἐπεχάρην,Ἐπιχάρη,Valckenaer,1804,Lond. Burn. 95 (A),apud Sluiter
And. 1.125,ἦ. μὲν ε.,ἦν μὴ εἶναι,Reiske,1771,Lond. Burn. 95 (A),
And. 1.126,ε. ὑ.,εἶναί οἱ ὑὸν,Muretus,1804,Lond. Burn. 95 (A),apud Sluiter
And. 1.128,τ. -ίῳ,τῷ παιδὶ,P. P. Dobree,1820,Lond. Burn. 95 (A),apud Dobson p. lix
And. 1.133,-ον π.,ὀλίγου πραθείσης,Reiske,1771,Lond. Burn. 95 (A),'scil. ἀργυρίου'
And. 1.134,ἀπελάσας καὶ τούτους καὶ,ἀ. δὲ τ. κ.,Reiske,1771,Lond. Burn. 95 (A),
And. 1.141,-ες,ἀναμνησθέντας,Henri Estienne,1575,Lond. Burn. 95 (A),
And. 1.144,ἔτι εἰδότα μὲν,ἔ. δ' ε. μ.,Reiske,1771,Lond. Burn. 95 (A),δὲ A
And. 1.146,τ. αὖ ὄ.,τότ ̓ ἦν ὄνειδος,Reiske,1771,Lond. Burn. 95 (A),
And. 2.5,ἡ-,ὑμῖν,Valckenaer,1804,Lond. Burn. 95 (A),apud Sluiter
And. 2.5,τῷ πρώτῳ τούτῳ εἰπόντι,τ. π. τοῦτο ε.,Reiske,1771,Lond. Burn. 95 (A),
And. 2.5,ἐ. τὸ ε.,ἐπὶ τῷ εὖ,Henri Estienne,1575,Lond. Burn. 95 (A),
And. 2.6,εὐδαιμο-,εὐγνωμονέστεροι,Didier Hérauld,†1650,Lond. Burn. 95 (A),jurisconsulte
And. 2.7,-η μ.,ἀνάγκην μοι,Reiske,1771,Lond. Burn. 95 (A),
And. 2.7,αὐτὸ μ. ἀφέντ-,αὐτὸν μὲν ἀφεθέντα,Reiske,1771,Lond. Burn. 95 (A),'subaudi ἐμὲ'
And. 2.8,-ησεν,ἐπεφόβησθε,Reiske,1771,Lond. Burn. 95 (A),"'sec. plur. plusquamperf. passivi, ita timebatis vosmet ipsos mutuo'"
And. 2.8,πᾶν ἰαθῆναι,παυθῆναι,Reiske,1771,Lond. Burn. 95 (A),
And. 2.11,ἢ -ον,ἢ ὅσου,Reiske,1771,Lond. Burn. 95 (A),
And. 2.12,μὴ δι' α.,μηδ' αὐτοὺς,Reiske,1771,Lond. Burn. 95 (A),'ne ipsos quidem'; μηδὲ A
And. 2.14,οἱ τ. ἐ.,τὰ ἐναντία,Reiske,1771,Lond. Burn. 95 (A),
And. 2.17,-ᾷν,δαπάνης,J. O. Sluiter,1804,Lond. Burn. 95 (A),
And. 3.6,εὑρέ-,ᾑρέθησαν,Henri Estienne,1575,Ambros. D 42 sup. (Q),
And. 3.6,τί δαί,τί δέ,Reiske,1771,Lond. Burn. 95 (A),
And. 3.10,ἄλλο ὅ τι,ἄ. τ.,J. O. Sluiter,1804,Lond. Burn. 95 (A),
And. 3.12,ἐ. μ. γέγ. τεί.,ἐκεῖ μὲν γὰρ γέγραπται τὰ τείχη,Reiske,1771,Lond. Burn. 95 (A),
And. 3.13,ο. γ. π.,οἶμαι γὰρ ἂν πάντας,Henri Estienne,1575,Lond. Burn. 95 (A),
And. 3.14,-γῆσαι,ναυπηγεῖσθαι,Reiske,1771,Lond. Burn. 95 (A),
And. 3.15,μ. δοκεῖ,μοι δοκοῦμεν,Reiske,1771,Ambros. D 42 sup. (Q),
And. 3.17,ν. δ ̓ αὕτως,νῦν δ ̓ αὐτοῖς,Reiske,1771,Lond. Burn. 95 (A),
And. 3.18,κ. ὑ. ἡ.,καὶ οὐχ ὑφ ̓ ἡμῶν,Reiske,1771,Lond. Burn. 95 (A),'neque remittunt ista a nobis coacti'
And. 3.21,π. ὑ-,περὶ ἡμῶν,J. G. Baiter,1839–43,codd.,
And. 3.23,-οις,εὑρομένους,Reiske,1771,Lond. Burn. 95 (A),
And. 3.26,"καὶ φασί τινες, ἂν","ναί, φασί τινες, ἂν",Reiske,1773,Lond. Burn. 95 (A),'nae'
And. 3.26,ο. ὑ-,οὖν ἡμῶν,J. G. Baiter,1839–43,codd.,
And. 3.27,συνοικοῦντ-,συννικῶντας,Reiske,1771,Lond. Burn. 95 (A),
And. 3.29,τοῦ βασιλέως,τῷ β.,Bekker,1822,Ambros. D 42 sup. (Q),
And. 3.30,-ώμεθα,βουλοίμεθα,Reiske,1771,Lond. Burn. 95 (A),
And. 3.32,τ. δ. σ. Ἀ.,τὴν δὲ συμμαχίαν τὴν Ἀργείων,Blass,1871,Ambros. D 42 sup. (Q),
And. 3.41,-εσθαι,ποιήσασθαι,Henri Estienne,1575,Ambros. D 42 sup. (Q),
And. 3.41,δι' ὑ-,δι ̓ ἡμᾶς,Reiske,1771,Ambros. D 42 sup. (Q),
And. 4.2,δὲ καὶ,μὲν καὶ,Henri Estienne,1575,Lond. Burn. 95 (A),
And. 4.6,ῥᾴδιον δὲ ἐντεῦθεν,ῥ. δὲ καὶ ἐ.,Reiske,1771,Lond. Burn. 95 (A),
And. 4.7,-ωμεν,ποιήσαιμεν,Muretus,1804,Lond. Burn. 95 (A),apud Sluiter
And. 4.10,βιότη-,βιαιότητος,Henri Estienne,1575,Lond. Burn. 95 (A),
And. 4.11,διπλάσει-,διπλασιάσειεν,Reiske,1771,Ambros. D 42 sup. (Q),Muretus?
And. 4.12,ε. -ῆσθε,εἴπερ ἡγεῖσθε,Reiske,1771,Lond. Burn. 95 (A),
And. 4.14,ὑπ-,ἐπεδείξατο,Reiske,1771,Lond. Burn. 95 (A),
And. 4.17,ἀπ-,ἐπηνάγκασε,Henri Estienne,1575,Lond. Burn. 95 (A),
And. 4.18,-βούλ-,συμβόλοις,Reiske,1771,Lond. Burn. 95 (A),
And. 4.21,τ. μ.,μὲν τοσαῦτα,Blass,1871,Ambros. D 42 sup. (Q),
And. 4.27,τοὺς μὲν -μένους,τ. μ. ἀφαιρούμενος,Henri Estienne,1575,Lond. Burn. 95 (A),
And. 4.30,-αν,προσέταξε(ν),J. O. Sluiter,1804,Lond. Burn. 95 (A),
And. 4.33,Κόνω-,Κίμωνα,Henri Estienne,1575,Lond. Burn. 95 (A),
And. 4.35,οὐδὲν,οὐδένα,Reiske,1771,Lond. Burn. 95 (A),
And. 4.41,εἰς Θ. καὶ Μ. κ. ε. Μ.,εἰς Θ. καὶ εἰς Μ. καὶ εἰς Μ.,Hermann Sauppe,1839–43,Ambros. D 42 sup. (Q),
And. 4.42,ἐν ἀν.,εὐανδρίᾳ,Joannes Meursius,1617,Lond. Burn. 95 (A),p. 260
Antig. Mir. 50,-αι,ποιοῦντα,J. N. Niclas,1791,Palat. gr. 398,apud Beckmann
Antig. Mir. 152,-νίθων,ὀρνέων,F. J. Bast,1809,Anon.Vat. c. 14,p. 95
Antipho 1.1,ἔχοιμι,ἔχει μοι,J. M. Gesner,1743,NA1,ad Luc. Bis Acc. p. 806
Antipho 1.5,ἐκ προβουλῆς -ίας,ἐ. π. ἀκουσίως,John Taylor,1773,NA,apud Reiske p. 848
Antipho 1.6,ἓν ο.,εὖ οἶδεν,John Taylor,1773,codd.,apud Reiske p. 848
Antipho 1.17,-α,διακονοῦσαν,Reiske,1773,Bodl. Auct. T.2.8 (N),
Antipho 1.22,ἐποι-,ποιήσατε,Bekker,1823,Npc,
Antipho 2.1.5,εἶχ-,εἷλεν,Valckenaer,1768,codd.,ad Eur. Hipp. 1002
Antipho 2.2.7,ὑ. τε τ.,ὑπό τε γὰρ τοῦ,Reiske,1773,NAB,
Antipho 2.2.9,ληφ-,λειφθείς,J. M. Gesner,1773,Bodl. Auct. T.2.8 (N),apud Reiske p. 838 ('relictus in urbe')
Antipho 2.2.9,ληφ-,λειφθείς,John Taylor,1773,Bodl. Auct. T.2.8 (N),apud Reiske p. 848
Antipho 2.3.2,ὀ. ὑπ ̓ αὐτοῦ,ὀφθέντες ὑπ ̓ αὐτῶν,Reiske,1773,NA,
Antipho 2.3.5,πῶς,πᾶς,Bekker,1823,Bodl. Auct. T.2.8 (N),
Antipho 2.3.7,πῶς,πᾶς,Reiske,1773,NA,
Antipho 3.1.2,μ. ἐ.,μὲν οὐδὲν ἐνθύμιον,Hemsterhuis,1735,NAB,Misc. obs. v/iii p. 59
Antipho 3.2.10,τοῦ ν. ὑ. τε τῶν π.,τῶν πραχθέντων ὑπό τε τοῦ νόμου,Reiske,1773,NApc,
Antipho 3.2.12,ὁμοί-,ὁσίως,Reiske,1773,NAB,
Antipho 3.3.4,αὐτὴν τὴν,αὐθέντην,Valckenaer,1767,codd.,Diatribe p. 189
Antipho 3.3.4,προκ-,προσκαταγνωσθέντα,Reiske,1773,codd.,p. 934
Antipho 3.3.7,-ίως κ.,ἀκουσίοις κακοῖς,Reiske,1773,NA,
Antipho 3.4.4,μ. πονήσ-,μήτε ἐπινοήσας,Valckenaer,1767,Bodl. Auct. T.2.8 (N),Diatribe p. 189
Antipho 4.4.3,ὅδε δ.,ὅ γε διωκόμενος,Reiske,1773,Apc,
Antipho 5.24,-εν,ἄλλοθι,Henri Estienne,1575,NA,
Antipho 5.37,ψ. ἀ.,τῷ ψεύδεσθαι ἀπώλλυτο,Reiske,1773,A2,
Antipho 5.50,-αντι,προτείναντας,Reiske,1773,Bodl. Auct. T.2.8 (N),'scil. ὑμᾶς'
Antipho 5.72,ᾧ β.,ὃ βουλεύεται,Henri Estienne,1575,Stob.,
Antipho 5.80,ἐ. μ.,ἐὰν μὲν γὰρ,Reiske,1773,NAB,
Antipho 5.94,τὰ δ.,τὰ μὴ δίκαια,Reiske,1773,NAB,
Antipho 5.94,οὔτι,οὔ τοι,Reiske,1773,NABZ,
Antipho 5.96,"-ων, ὡ.","πάσχω, ὡς",Reiske,1773,NAB,
Antipho 6.18,τοῦτο κ.,τούτου κρατεῖ,Reiske,1773,NAB,
Antipho 6.21,ἐ.,ἐπειδὴ δὲ,Reiske,1773,codd.,
Antipho Soph. fr. 9,ἀντιφάνης,ἀντιφῶν,Meineke,1860,cod. Farnes. (F),
Antisth. Aj. 7,γνωσθήσεσθε,γνώσεσθε,Reiske,1773,cod. ap. Cripp. (C),
Antisth. Od. 13,-ῶν -ώτατα,κακὼ ἐναντιωτάτω,Reiske,1773,cod. ap. Cripp. (C),'in duali'
Ap. Rhod. 1.74,ἦεν κτλ.,ᾖεν,Arthur Platt,1914–9,Palat. gr. 186 (V),
Ap. Rhod. 1.372,πρώραν,πρώειραν,Bergk,n.d.,Et.Gen.,
Ap. Rhod. 1.749,ἀμειβό-,ἀμυνόμενοι,Jeremias Hoelzlin,1641,Laur. Plut. 32.16 (S),
Ap. Rhod. 1.883,-κέως,ἐνδυκὲς,Janus Rutgersius,1618,Et.Gen.,'Rutgersius – an ugly word to my thinking' (Bywater)
Ap. Rhod. 1.941,-τον,Ἄρκτων,Hoelzlin,1641,schLa,
Ap. Rhod. 1.990,φράξαν,φράσσον,Fränkel,1961,P.Oxy. LXIV 4414,
Ap. Rhod. 1.990,-ίοιο,ἀπειρεσίῃσι,Arthur Platt,1914,P.Oxy. LXIV 4414,Journ. of Phil. 33 (1914) 12–3
Ap. Rhod. 2.119,μέλαν τεταγών,μάλ᾽ ἀντεταγών,Sanctamandus,n.d.,P.Oxy. XXXIV 2697,
Ap. Rhod. 2.171,νεφ-,λαιφέων,Naber,n.d.,P.Oxy. LXXXIV 5417,
Ap. Rhod. 2.177,βιθυνηίδι,θυνηίδι,Meineke,n.d.,schL lm.,
Ap. Rhod. 2.217,ἧς,ᾗ,Brunck,1780,Et.,
Ap. Rhod. 2.906,-νάσσατο,κατενίσσετο,Naber,n.d.,P.Oxy. LXXXIV 5417,ac
Ap. Rhod. 2.921,ἔδυνε μέλαν,ἔδυ μέλανα,Bywater,n.d.,P.Oxy. XXXIV 2694,] μελανα
Ap. Rhod. 2.926,-οντο,χεύαντο,Brunck,1780,Et.,
Ap. Rhod. 2.989,ἔ. μέμηλε(ν),ἔργα μεμήλει,Brunck,1780,P.Oxy. LXXXIV 5417,]γ̣’ ε̣μεμη̣λει; hoc flagitat temporum ratio
Ap. Rhod. 2.1017,habent,del.,Arthur Platt,1914–9,P.Oxy. LXXXIV 5417,
Ap. Rhod. 2.1260,ἀλημο-,δαημοσύνῃσιν,George d'Arnaud,1730,marg. E2,
Ap. Rhod. 3.158,-ροιο,μεγάλοιο,Eduard Gerhard,1816,Strassb.,
Ap. Rhod. 3.201,-μαδοί,πρόμαλοι,Henri Estienne,1574,Et.Gen. et EM,
Ap. Rhod. 3.254,om.,π̣ο̣δων,Florent Chrestien,s.xvi ex.,P.Oxy. LXXXIV 5421,"F. Vian, Bibliothèque d’Humanisme et Renaissance 34 (1972) 478, 482"
Ap. Rhod. 3.685,θῦεν,θυῖεν,Rudolf Merkel,1852–4,Laur. Plut. 32.16 (S),
Ap. Rhod. 3.745,ναῦται,ναυτίλοι,Porson,s.xviii/xix,P.Oxy. IV 690,ναυ]τίλο̣ι
Ap. Rhod. 3.909,κατὰ,μετὰ,Henri Estienne,1574,P.Oxy. IV 691,μ[
Ap. Rhod. 3.944,εὖτ',ε̣ϲτ',Ziegler,n.d.,P.Oxy. XXXIV 2693,
Ap. Rhod. 3.1076,-ην,πασιφάης,Henri Estienne,1574,PE,
Ap. Rhod. 3.1214 sq. schol.,-υσὶ,δρυῒ,Friedrich Ellendt,1835,Paris. 2727 (P),"1, 450 sq."
Ap. Rhod. 3.1226 schol.,ἠμφίεστο,ὑφέεστο,A. F. Naeke,1833–7,Laur. 32.9 (L),Rh. Mus. 2-5
Ap. Rhod. 4.86,τόνδε,τόνγε,Brunck,1780,P.Oxy. IV 692,
Ap. Rhod. 4.438,ὥς,ὧ,Brunck,1780,P.Oxy. XXXIV 2694,
Ap. Rhod. 4.464,ἐπᾶλτο,ἐξᾶλτο,Jeremias Hoelzlin,1641,P.Oxy. LXXXIV 5421,
Ap. Rhod. 4.726,ἀπ',επ,Fränkel,1961,P.Oxy. LXXXIV 5421,pc
Ap. Rhod. 4.852,ἡ,στῆ,Fränkel,1961,P.Oxy. LXXXIV 5421,pc
Ap. Rhod. 4.978,-εσσι,κεράασι,Eduard Gerhard,1816,Laur. Plut. 32.16 (S),p. 157
Ap. Rhod. 4.1129,ε. ἐ.,εὐαγέως τ' ἐπιβώμια,Fränkel,1961,P.Oxy. XXXIV 2691,ευαγεωϲ τ ε̣[
Ap. Rhod. 4.1487,αὐλείτης/αὐλήτης,αὐλίτης,Rudolf Merkel,1852–4,Et.Gen.,
Apollod. Π. θεῶν 20,-βαφεῖς,μελαμβαθεῖς,Brunck,1786,F,
App. BC 4.169,-εύετο,ἐστράτευτο,Bekker,1852–3,Marc. 387 (B),
App. BC 4.553,ἔκ τε,ἐκ δὲ,Bekker,1852–3,Marc. 387 (B),
App. Hisp. 115,-ων,Ῥωμαίοις,Henri Estienne,1557,exc. Const.,
App. Hisp. 255,εἰρήνῃ φησὶν,ε. φασὶν,Henri Estienne,1557,exc. Const.,
App. Pun. 274,-ὸν,αὐτῶν,Reiske,1785,exc. Const.,apud Schweighäuser
App. Syr. 351,-εύεσθ-,βουλεύσεσθαι,Henri Estienne,1557,Vratisl. Rhedig. 14 (d),
App. fr. 10.12,λαθ-,λαβεῖν,Fulvio Orsini,1582,Vat. gr. 73 (Z),
App. fr. 10.13,ἐπιγελάσας,ἐ. δ',Johannes Schweighäuser,1785,Vat. gr. 73 (Z),
